serious,21
cannot,16
stand,23
mcdonald,11
never,117
get,366
order,473
right,90
food,742
almost,46
alway,160
suck,7
servic,402
sorri,14
employe,30
sure,89
show,28
hate,10
job,13
way,100
perform,4
work,71
use,63
teen,1
high,47
school,11
rememb,25
ever,95
take,105
long,74
drivethru,4
bitter,3
fact,24
there,99
lol,10
top,86
off,31
live,52
across,20
street,31
find,82
often,30
not,28
ugh,3
togeth,17
peopl,149
guy,42
terribl,21
honestli,16
anyth,40
nice,192
say,115
place,648
usual,60
review,91
talk,19
mess,11
wait,183
minut,98
morn,32
two,112
coffe,40
standard,16
back,272
less,29
car,16
amaz,115
truli,14
excel,99
best,212
lobster,44
bisqu,3
prime,12
rib,44
probabl,67
bedt,1
ive,181
had,43
great,476
downsid,1
size,46
portion,87
wast,8
lot,89
unfortun,21
second,25
time,362
here,108
seafood,26
awesom,62
got,197
king,16
crab,28
dinner,120
packag,6
come,253
soup,111
cook,92
differ,74
steam,10
friend,120
dri,41
garlic,27
fri,178
rice,84
hk,4
style,45
the,13
tower,1
see,84
photo,4
snow,4
pea,5
dessert,74
meant,2
pre,3
tax,6
tip,32
howev,62
larger,12
lb,7
pay,41
addit,13
extra,38
weight,5
think,136
amount,28
could,103
fed,2
parti,29
love,255
leg,7
super,73
yummi,33
restaur,314
definit,146
worth,74
visit,83
lover,6
busi,98
make,164
call,40
ahead,3
reserv,42
esp,2
plan,11
weekend,27
tabl,181
pack,26
tightli,1
round,9
liter,23
touch,10
besid,10
us,220
expect,89
ambianc,33
want,140
privat,8
hear,10
everi,74
word,18
stori,6
short,21
bunch,12
rude,20
heartless,1
ignor,6
asshol,1
run,25
compass,1
especi,43
feel,90
belong,1
suitabl,2
shitti,4
establish,18
mother,22
endur,1
extrem,30
humili,2
situat,6
bonjour,1
brioch,5
went,122
saturday,27
min,28
cane,6
nowher,4
sit,64
number,17
seat,79
her,14
ask,126
would,275
arriv,51
shed,1
like,404
basic,24
told,50
tough,7
shit,6
well,165
guest,14
cancel,2
last,72
eat,184
alon,8
go,353
serv,109
even,205
someth,70
start,72
tell,50
excus,4
manag,62
explain,15
given,27
other,18
felt,46
demean,1
appreci,16
somewher,10
els,46
instead,35
arrang,3
eas,3
leav,46
now,26
life,20
cri,8
phone,19
embarrass,1
absolut,49
disgust,7
grab,22
night,108
catch,12
gammag,1
yet,35
staff,127
act,7
slam,7
took,85
quit,54
out,79
good,621
though,95
bread,84
bowl,33
came,150
tast,174
day,78
old,37
crumbl,8
vs,5
normal,13
fresh,122
lunch,126
brodey,1
ashley,4
one,336
femal,4
server,119
we,7
name,45
help,54
friendli,126
invit,5
accommod,13
toddler,2
delici,178
sauc,160
trifecta,1
level,23
spici,80
messi,5
it,220
glove,1
raincoat,1
wife,47
egg,52
sinc,76
open,87
favorit,97
close,57
home,53
gym,2
realli,280
gotten,18
wors,8
past,18
month,23
hit,26
miss,28
also,226
sunday,15
march,1
cold,38
biscuit,13
haymak,1
on,15
cracker,3
barrel,1
least,51
consist,24
huge,59
menu,184
select,60
look,165
remodel,2
clean,40
parent,12
enjoy,107
liver,2
onion,39
roast,29
beef,57
sandwhich,1
grill,52
chees,124
littl,173
pipe,5
hot,75
return,65
soon,33
midnight,2
still,89
sip,7
margarita,16
loung,10
option,68
head,14
quick,29
nosh,2
pastrami,5
rye,5
i,23
need,88
add,29
vega,85
might,34
tri,311
wonder,50
certainli,14
deli,8
pinch,2
next,72
wall,11
watch,29
fress,1
saw,26
whim,3
indian,13
decid,61
opt,8
deliveri,27
judg,4
base,21
favourit,7
butter,26
chicken,219
down,32
surpass,1
asid,10
dish,148
tikka,6
masala,5
naan,9
alright,14
better,116
elsewher,10
them,38
gener,44
mango,4
lassi,3
didnt,8
version,10
much,134
ill,50
skip,7
anyway,25
futur,8
give,103
three,25
star,124
reason,52
rate,23
late,24
glad,17
bit,88
complain,12
that,103
decent,60
again,62
town,53
confer,1
check,66
yelp,39
local,34
spot,52
recommend,113
hotel,16
reinforc,1
atmospher,65
quickli,18
suggest,22
coupl,43
special,103
pork,48
chop,20
dinnerit,1
incred,31
juici,20
polenta,4
glaze,4
seal,2
deal,31
meal,143
im,182
seriou,4
hous,38
salad,160
disappoint,69
bland,22
salt,17
n,13
pepper,38
flavor,114
ranch,12
dress,29
creami,15
herb,7
couldnt,2
identifi,1
you,42
complet,26
made,133
colleagu,2
gumbo,2
said,80
may,23
tomorrow,3
clockwork,1
share,34
space,14
behind,16
bar,125
educ,1
pour,18
finer,1
detail,7
process,8
pretti,150
pricey,15
person,54
donut,8
shop,36
fast,42
earli,21
breakfast,62
burrito,25
sandwich,145
croissant,4
too,78
bad,90
thing,118
move,25
cant,79
et,33
tr,8
bonn,4
nourritur,2
ce,5
repa,1
du,10
midi,2
boulett,1
de,33
poulet,1
dan,2
une,8
tomat,1
fort,2
goteus,1
avec,4
piment,1
champignon,2
patat,1
rti,1
goteux,2
raisonn,1
comm,2
dhte,1
incluant,1
le,28
caf,3
bon,6
rapport,2
qualit,1
prix,4
first,135
happi,73
hour,76
regret,8
highi,1
mayb,52
is,19
jjanga,1
sakana,1
ayc,12
sushi,85
near,22
easili,14
sashimi,20
pile,7
salmon,32
yellowtail,3
albacor,1
sweet,71
cucumb,6
shrimp,43
roll,90
surpris,38
crunch,9
insid,49
savori,3
tuna,28
avocado,13
appet,71
stuf,19
jalapeo,7
without,40
kick,22
afforgatto,1
mani,88
yelper,3
stop,45
mom,22
sister,9
walk,75
entir,30
empti,18
put,39
alert,1
sign,16
pho,24
glass,30
noodl,48
spring,14
rangoon,2
okay,40
found,50
supergreasi,1
seedi,1
takeout,9
strang,8
weird,18
sent,9
dine,59
hungri,26
fun,39
either,31
cle,1
blow,7
water,46
edibl,5
apologet,4
overal,59
valu,14
qualiti,68
actual,74
damn,12
limead,2
sparkl,2
beauti,19
bridal,1
shower,3
beat,12
bottomless,2
drink,170
brunch,35
appl,12
arugula,1
spare,1
crispi,24
big,84
let,54
articl,1
onlin,8
push,3
pop,18
phoenix,25
flavorless,6
hard,42
pud,7
heavi,11
ruin,5
husband,64
sick,6
pass,22
wrong,32
mula,1
flower,3
tortilla,13
al,3
pastor,2
idea,16
apathet,2
hostess,25
inform,6
pizza,155
sat,40
ran,6
risk,2
care,27
enough,86
marque,1
item,58
avail,16
around,76
industri,6
while,8
sort,20
attitud,11
signatur,5
weekday,4
afternoon,15
question,9
fire,5
blech,1
bought,5
tao,4
wing,52
mix,30
veget,16
cantones,3
chow,2
mein,4
disappointingli,2
gross,4
plate,57
chunk,8
wrist,1
kill,4
meee,1
pleaaaas,1
togo,7
contain,6
cat,2
later,29
chew,4
all,46
attract,2
soo,5
disturb,1
gag,1
front,33
grandmoth,1
fear,2
factor,8
nd,7
challeng,4
worst,23
part,40
becuz,1
chines,40
picker,1
trick,4
dragon,5
break,7
heart,13
thi,26
must,44
bud,8
cuz,10
chipmunk,1
flip,2
no,18
fine,29
rock,16
bottom,6
ale,3
tonight,13
larg,48
rebecca,1
except,27
dip,22
white,29
draft,4
me,64
arrt,1
au,15
barb,1
nou,5
avon,2
vcu,1
petit,4
dception,2
entr,5
taient,1
plutt,1
russi,1
duo,3
cake,30
tait,12
savoureux,1
gotait,1
vraiment,1
crabe,1
un,19
critr,1
rarement,1
respect,5
resto,4
alor,1
que,8
chvre,1
chaud,1
mai,12
beaucoup,4
trop,12
sucr,2
mon,3
avi,1
pomm,2
cuit,1
miel,1
caramel,7
balsamiqu,1
cest,3
davantag,1
plat,3
princip,1
notr,3
exprienc,1
tartar,9
saumon,5
boeuf,2
manquait,2
saveur,3
ntait,1
pa,8
relev,2
insipid,1
la,44
daccompagn,1
baignait,1
encor,1
foi,3
sa,2
vinaigrett,2
qui,6
rend,1
imposs,1
manger,5
frite,8
sont,2
ordinair,2
ne,6
gotent,1
gra,8
textur,18
sche,2
ravioli,9
cerf,1
aux,4
lhuil,1
truff,1
concentr,1
en,6
jessayai,1
denlev,1
pte,1
avant,2
prendr,1
bouch,4
nest,1
peu,3
dire,1
point,44
soir,3
island,5
ice,46
tea,35
cocktail,22
parfait,4
bien,7
excut,2
lime,11
prsent,1
punch,7
dangereus,1
retourn,1
terrass,2
lambianc,3
essay,1
leur,2
bistro,3
drive,24
thru,4
plu,28
oz,9
although,25
sound,20
silli,1
fantast,58
wine,61
beer,81
scottsdal,13
far,56
group,49
waiter,44
includ,34
away,51
known,8
knew,23
kicker,2
gem,19
milkshak,7
they,7
adult,1
hope,28
fix,14
issu,28
customari,1
tack,1
unremark,1
steak,70
send,6
bottl,23
brown,13
funki,4
were,20
notic,29
side,107
flaw,2
burn,9
mushroom,26
foul,1
bean,48
pictur,6
palazzovenetian,1
mega,1
plex,1
cut,32
true,13
kitchen,34
tfk,1
whole,37
play,20
field,3
sesam,2
panda,1
express,7
greasi,25
guilti,1
bf,9
turkey,16
offer,64
potato,66
kale,7
column,1
flourless,1
chocol,34
ate,36
wour,1
yum,17
wish,28
squeez,5
juic,7
san,9
franciscoca,1
joseca,1
momofuku,2
thank,30
alreadi,25
line,34
window,14
awkward,9
consid,12
outsid,45
read,18
ramen,15
bun,20
slushi,2
thought,53
noth,56
rave,16
about,18
belli,8
chewi,14
compar,17
korean,29
moist,5
tender,30
soft,17
interest,22
hotsour,3
overwal,1
impress,44
prok,1
win,1
mind,18
hype,6
wasnt,6
fan,41
slow,31
unenthusiast,1
kind,46
morbid,1
lack,38
luster,2
experi,121
price,157
environ,8
owner,42
greet,16
custom,58
everyth,99
meat,96
bbq,37
choos,21
rather,23
yoooooo,1
legit,3
taco,89
ef,2
chanc,14
becom,7
victim,1
crime,1
area,65
worri,5
seem,77
rise,2
hipster,3
plaza,2
midwood,2
extend,2
reach,5
have,11
drool,2
whenev,7
famili,57
kj,1
fare,4
heavyrich,1
keep,32
attent,44
etiquett,2
abrupt,1
along,15
follow,14
sour,17
tofu,22
broccoli,11
saltpepp,2
squid,3
world,18
whi,8
perfect,64
thin,12
batter,10
season,27
perfectli,37
leggi,2
and,28
xo,1
string,4
fish,56
prepar,26
fremont,3
st,11
sirloin,5
medium,21
rare,17
tail,5
frozen,13
veggi,42
kid,40
fill,51
gambl,4
earlier,5
pm,25
prompt,7
effici,12
cool,30
onc,8
japanes,12
urbanachampaign,1
in,32
raini,2
know,108
hi,2
been,8
fajita,6
ok,61
pancak,27
ihop,2
such,2
closer,5
revisit,2
receiv,23
real,21
recent,21
strongli,3
favor,6
halibut,5
singl,12
note,16
figur,10
aprox,1
lettuc,13
pickl,21
mexi,3
tomato,34
radish,5
crunchi,10
green,37
mild,10
intent,2
power,3
black,23
healthi,9
muddi,1
catfish,4
tilapia,6
charcuteri,1
five,20
sausag,21
hungarian,2
italian,22
fig,2
jam,8
toast,23
grain,3
mustard,4
oliv,11
wedg,3
brie,1
connecticut,1
burger,169
someon,33
averag,26
summerlici,3
year,64
more,26
mac,26
tini,12
piec,41
calamari,11
mushi,4
clearli,13
origin,24
refri,2
aw,9
main,29
cours,33
duck,12
breast,5
lamb,14
undercook,4
deserv,13
money,28
own,19
ad,22
bonu,7
orecchiett,1
substanti,3
hearti,5
bare,12
finish,30
espresso,12
tart,6
rich,16
particular,6
delicaci,1
full,65
initi,6
corner,13
stair,1
pleasant,14
settl,7
light,29
bright,8
gradual,1
allow,8
ampl,2
up,36
split,15
bill,29
end,67
waitress,57
half,65
total,32
practic,3
outdid,1
delic,3
id,42
websit,8
unless,11
regular,31
caught,6
eye,21
caus,11
highli,38
basil,9
marscapon,1
son,8
deniro,3
mine,13
tasti,70
strong,8
meh,7
myself,8
four,28
hip,6
readi,12
def,2
crowd,21
am,18
patient,4
counter,20
event,10
week,36
set,35
disorgan,2
cheap,26
band,9
chill,11
vibe,15
restaurantbar,2
temp,7
montreal,5
simpli,15
inexpens,6
sokolow,1
dame,1
saint,1
marguerit,1
metro,3
henri,1
bakeri,5
cooki,18
dole,2
whip,3
poutin,11
pro,4
gentlemen,5
variou,6
dancer,1
energet,2
ton,13
aesthet,3
pleas,35
con,5
refil,24
bother,9
anoth,78
thirsti,1
perhap,8
floor,13
diner,11
tide,1
easi,16
annoy,8
tend,5
fault,6
stretch,3
frustrat,5
ridicul,15
spend,12
welcom,18
opinion,10
critic,1
cost,15
fella,1
nervou,3
young,13
man,25
guitar,1
nonsens,1
slide,2
insan,6
redneck,1
club,18
pull,22
brisket,8
slawso,1
dream,4
ghost,3
spice,33
inferno,1
boyfriend,23
jack,8
both,3
intimidatingli,1
rack,8
carolina,5
forget,15
tuck,4
th,16
effort,4
fit,12
routin,1
gaucho,1
carson,1
soso,2
comparison,3
expens,27
jacob,1
hand,31
caesar,6
honest,9
plenti,21
wagyu,6
smart,3
choic,48
compliment,2
fat,10
soooo,2
room,46
left,41
outstand,19
steakhous,6
citi,18
buy,20
cute,21
bra,3
fashion,3
squar,9
idiot,2
drawer,1
scratch,4
sale,4
ladi,15
rat,2
ass,7
sell,8
free,50
store,24
co,1
worker,6
fusion,5
mexican,50
averagebut,1
slaw,19
combin,18
bulgogi,6
hub,1
skewer,5
mid,4
rang,14
marin,2
varieti,29
koreanmex,1
ago,25
combo,17
pittsburgh,9
bubbl,2
bahn,1
mi,3
snapper,1
embroil,1
render,1
ined,3
vegetarian,20
cuisin,22
certifi,1
kosher,1
met,4
california,8
pub,17
jo,1
walli,1
gruyer,1
slab,2
bacon,38
ryan,1
w,16
smac,1
irish,11
authent,29
attribut,2
poor,17
american,13
disheswho,1
typic,26
sport,9
wa,19
seahawk,1
huski,1
featur,8
whiskey,2
scotch,1
comfort,19
ofchoic,1
anim,3
cutest,1
decor,53
obsess,4
concept,7
condiment,4
utensil,1
halfway,5
hummu,15
pita,16
small,88
platter,10
oili,7
flavour,20
poorli,3
mainli,6
mash,13
skin,7
soggi,10
hurri,4
anytim,5
sinatra,1
tripand,1
conveni,5
admit,5
overli,7
excit,16
glanceespeci,1
celiac,2
diseas,1
glutenfre,2
gluten,10
quinoa,5
pasta,31
brought,32
gfree,1
vodka,2
nongrain,1
dietari,2
restrict,2
beyond,8
thai,45
valley,10
yellow,6
curri,21
coconut,11
milk,9
heat,17
pad,12
tai,2
mouth,19
heartfelt,1
uniqu,22
roberto,5
north,10
feed,7
everyon,44
crave,25
carn,6
asada,5
theyr,30
soupbas,1
saltier,1
prefer,20
done,30
forgot,14
then,11
karaag,3
takoyaki,1
ball,7
pricewis,1
higher,14
joint,14
suppos,13
balanc,8
nearbi,9
tad,8
understand,20
fluke,1
happen,12
everytim,5
upgrad,4
tv,18
buffalo,7
blue,10
tap,15
fifteen,2
hunt,3
bartend,29
final,42
realiz,11
keg,1
booth,11
decis,2
possibl,13
apolog,10
pick,35
recognit,1
subpar,3
dark,21
draw,3
bellagio,5
fountain,3
patio,40
antipasto,1
artichok,9
profession,8
knowledg,12
casino,9
stay,32
pool,4
spaciou,6
bed,4
dead,2
quiet,8
strip,31
hardcor,3
gambler,1
headquart,1
outdoor,11
picnic,5
overpr,19
rose,2
narrow,1
lane,3
freddi,1
custard,8
shoe,4
locat,141
to,10
sunda,2
nut,5
gilbert,2
william,1
cream,34
cup,25
gave,25
mean,25
system,4
believ,22
ri,1
ra,1
befor,16
bite,36
stock,5
chip,36
sheperd,2
pie,17
etc,21
repeat,5
dosa,2
kabab,2
eaten,19
dumpl,12
momo,1
die,38
for,33
warn,4
adjust,2
renov,1
creat,11
loungesportsbarrestaur,1
type,20
south,11
mention,21
loyal,1
ceil,8
dive,4
folk,7
connect,2
guestlist,1
wristband,1
new,82
music,36
mic,1
nightli,1
lechon,1
miguel,2
pilsen,1
wednesday,5
septemb,3
simplist,1
color,9
furnitur,4
garbag,4
chair,6
low,16
somewhat,8
townsquar,1
disast,3
clear,21
horribl,20
conclus,2
eagerli,1
holi,4
chuck,3
yong,3
wellesley,1
did,8
be,7
nasti,4
languag,2
wow,15
chilli,7
vinegar,2
coat,7
throw,6
muster,1
shock,5
bag,7
meet,11
kinda,13
fatti,6
purpos,5
angela,1
taken,9
aback,1
unassum,2
tshirt,1
cab,7
sav,1
bake,18
polit,8
absent,2
affect,4
default,2
list,25
proport,5
solid,13
el,4
dorado,1
cantina,1
build,10
sapphir,1
gentleman,3
organ,7
nongmo,1
complimentari,6
salsa,28
guacamol,4
chose,13
enchilada,13
asad,1
corn,23
bomb,11
salti,13
slightli,15
cheesi,6
flan,2
calori,1
cafe,21
zupa,1
cater,9
paradis,10
wooo,1
insert,1
sarcasm,1
sever,34
from,12
garden,6
cesar,1
feta,4
discuss,2
cover,10
strawberri,6
browni,6
seen,27
physic,1
itll,3
earn,6
major,6
stuttgart,4
collect,1
background,2
aroma,7
budget,3
wide,9
exot,3
exactli,10
mush,1
firm,2
heard,34
accomod,3
charg,22
overpow,4
smooth,2
tang,1
lakewood,1
treat,19
specif,10
debit,4
card,8
listen,10
credit,6
account,2
incom,3
bank,2
lost,10
thoma,2
today,37
tj,2
modern,11
tradit,17
creation,4
paid,16
sugar,8
dispens,1
jug,1
ting,1
kimchi,13
popcorn,1
girl,18
mermaid,2
red,43
hair,6
flirti,1
older,5
flag,6
over,7
certain,8
instantli,1
appar,14
face,12
gone,18
tab,6
serviceand,1
bell,10
smoki,4
stood,9
particularli,9
memor,3
deliv,23
veal,8
screw,5
west,4
view,19
cheesecak,8
altogeth,1
chesecak,1
staf,2
charleston,2
shown,1
date,24
darker,3
intim,6
step,7
outback,3
texa,4
roadhous,2
bust,1
truck,7
neighborhood,12
closest,3
fairli,14
minim,3
can,12
spent,8
spectacl,2
fli,5
sommeli,4
immedi,15
sang,1
danc,7
carnita,1
tamal,1
continu,8
peek,1
bachelor,2
mont,1
carlo,1
cosmo,2
buffet,33
fulli,3
function,2
due,13
heaven,10
enter,6
dehydr,1
bodi,3
wick,5
spoon,10
cheer,6
coupon,11
spider,2
fanci,13
baselin,1
downstair,4
dirti,14
martini,10
daili,6
brandon,2
download,1
app,19
peruvian,9
pollo,2
brasa,1
addon,2
match,4
monday,9
friday,28
lomo,1
saltado,1
jimmi,1
john,2
drop,6
mistak,7
otherwis,7
anymor,5
fav,5
hor,1
tso,3
szechuan,5
handl,5
squirrel,1
hill,3
winterlici,1
thoughth,1
amplifi,1
voic,2
fellow,3
photograph,1
obnoxi,3
terrif,7
beaten,1
path,2
ming,1
immigr,2
cambodia,1
host,15
importantli,2
exampl,4
success,4
america,2
snobbi,4
happili,3
report,6
contact,5
patron,10
difficult,12
produc,2
freshli,8
extens,4
steward,1
ferret,1
splurg,2
pricepoint,1
exceed,5
moish,1
k,2
u,5
gibbi,1
shredder,1
nello,1
delish,12
omnivoresvegan,1
pescetarian,1
lactoovo,1
flexivor,1
carnivor,1
healthili,1
sadli,3
limit,16
tree,5
hugger,2
with,12
fruit,11
chimichanga,2
wrap,25
wheat,4
oversalt,1
vegan,13
brownish,1
lump,1
oat,1
hemp,1
seed,5
carob,1
appeal,6
somehow,6
desir,5
plain,17
carrot,10
ginger,8
orang,11
delight,12
clod,1
mud,2
health,6
score,7
mall,14
lunchtim,4
bww,2
promptli,4
my,4
ncaa,1
footbal,2
game,15
request,14
chang,33
within,13
satisfi,12
hold,4
croqu,2
senora,1
tapa,6
patata,1
brava,1
insist,7
diggiti,2
scallop,8
escargot,2
silki,2
swim,1
pot,10
goat,5
bestest,1
sangria,7
impecc,3
lucki,8
palazzo,2
sens,2
sticker,2
chowmein,2
thick,15
upscal,8
proven,1
trip,22
avid,2
consum,4
tuesday,13
purchas,3
architect,1
perimet,1
compact,2
anywher,21
outlet,4
center,8
park,20
overs,1
s,15
zucchini,5
tavern,1
vouch,1
goto,6
everyoneinclud,1
gf,5
v,1
simpl,19
crust,28
unlimit,5
scare,2
theyv,7
board,6
ingredi,15
sundri,1
mmm,3
subway,6
courteou,3
robot,1
construct,6
cleaner,3
slice,29
drag,1
downtown,14
madison,10
thursday,8
cowork,7
pleasantli,16
optionssuch,1
macaroni,2
adventur,4
afterdrink,1
pepperoni,7
enorm,3
predrink,1
skimp,2
nummi,1
cordon,1
bleu,1
pesto,13
toppingsbut,1
lay,1
funni,4
stir,5
hell,9
stormi,1
exact,7
matter,9
drench,1
redorang,1
oil,15
compos,4
rubber,2
gourmet,5
toss,7
bum,4
thrown,4
edit,1
chef,23
boyardi,1
similar,5
rout,4
outing,1
omg,11
hama,2
chili,20
crackl,2
poke,6
sunshin,3
pair,12
grapefruit,2
anyon,20
vanilla,5
amidst,1
tentacl,1
treasur,4
trove,1
asian,14
cabbag,5
spoil,5
tastebud,2
lust,1
permiss,2
scrape,3
cleans,1
palat,3
explos,4
erupt,1
pleaser,1
lineback,1
appetit,5
content,3
buddha,1
chainlink,1
bathroom,10
entranc,3
setup,3
shimmer,1
flirtaci,1
resist,1
dj,4
spin,3
tune,4
saki,3
summer,10
entourag,1
ooz,1
sexi,1
pure,7
seduct,1
afford,13
larb,3
sticki,8
dang,1
dinki,2
amazingli,1
laablarb,1
broinlaw,1
stuff,16
powdertoast,1
powder,3
hint,6
confirm,7
cilantro,4
unison,1
tom,4
kept,18
bamboo,1
warmer,1
grandma,2
scale,3
tongu,7
lower,5
search,7
fancier,2
countri,9
archi,2
state,11
twice,15
neg,4
mile,2
desert,12
creepi,1
teppanyaki,2
speak,12
regularli,4
provid,15
problem,20
experienc,7
unrel,1
discov,9
bento,2
box,12
thrill,1
unisex,2
incorpor,1
design,7
monsoon,2
distanc,7
lastminut,1
cupboard,1
will,3
whatev,17
jar,7
yowza,1
entre,40
kaffir,1
vari,8
beefchickenshrimpscallop,1
lineup,4
winner,6
steal,4
regardless,4
partner,2
itd,1
familystyl,1
bargainpr,1
charlott,15
hop,4
midday,1
weve,15
outbut,1
million,1
teppan,1
wo,1
thr,3
appear,14
b,1
havn,1
cheaper,5
moreov,1
knock,8
omelet,8
benedict,12
or,5
feng,1
shui,1
book,8
reverseosmosi,1
onsit,1
lamp,4
smaller,8
a,14
doubt,7
shu,4
sum,17
mu,1
picki,4
ot,1
olivor,1
twist,2
hae,1
raw,10
guess,28
what,19
rush,8
melt,13
factori,4
earl,4
hokey,1
grabber,1
merchandis,1
aufgrund,1
der,20
positiven,1
kritiken,1
internet,4
sowi,1
einer,4
auswahl,1
vegetarisch,1
gericht,1
entschieden,1
wir,13
damal,1
fr,8
einen,6
besuch,3
remstal,2
da,23
ortskundig,2
sind,9
war,14
ein,20
navi,2
nicht,13
ntig,1
wenig,2
ist,7
es,9
dennoch,1
empfehlenswert,1
obgleich,1
gut,9
besucht,1
wurd,1
nach,4
freundlich,4
begrung,1
sofort,2
tisch,2
zugewiesen,1
zudem,1
bekamen,2
gratisvorspeis,1
serviert,3
essen,6
leber,1
rostbraten,1
rahmschnitzel,1
knguru,1
indisch,1
waren,3
sehr,17
und,26
jedem,2
fall,9
zu,10
empfehlen,2
erst,1
eindruck,1
von,4
auen,1
tuscht,1
niveauvol,1
mit,13
umfangreich,1
speisekart,1
inklus,1
exotisch,1
speisen,3
noch,8
leckererem,1
leichtem,1
kantinenflair,1
ua,1
vermittelt,1
durch,3
sthle,2
vegasi,1
babi,7
bandito,1
daughter,10
stare,3
he,6
sneez,1
snot,1
rag,1
pocket,3
dig,4
gold,2
snort,1
wipe,2
pan,8
hang,14
crack,4
nicefriendli,1
caveat,1
emptor,1
microwav,4
warm,19
allgemein,1
aufschlureich,1
negativen,1
wie,4
postivem,1
sinnkch,1
gutgastraum,1
weit,1
viel,3
stilbrch,1
auf,10
bei,5
den,10
preisen,2
zb,2
kugel,1
himbeersorbet,1
silbernenschsselchen,1
bedienung,4
khlwollt,1
verkaufenverhalten,1
bedienen,1
ohn,1
kunden,1
einzugehenchef,1
chefin,1
liefen,1
reihen,1
wen,1
sie,1
modeschau,1
mode,2
pressentieren,1
wollensprachen,1
nur,6
stammgsten,1
ander,1
kopfnickenkein,1
nachfrag,1
schmecktviel,1
schau,1
um,7
essengro,1
teller,2
wennig,1
drin,1
hohem,1
pressentiert,1
groen,3
tellern,1
trapiert,1
abdeckhaubengeschmacklich,1
wand,1
frei,1
pastet,1
vorspeis,1
vorzglichbachforel,1
schmackhaftgr,1
kche,2
vorallem,1
lauchtart,1
oder,3
frisch,4
brotmir,1
scheckt,1
maismehl,1
verfeinert,1
weibrot,1
salzigem,1
butterhimbeersorbet,1
vorzglich,1
ambient,2
sollt,1
auch,18
untern,1
weien,1
tischtcher,1
faltenfrei,1
bgeln,1
oberen,1
x,5
tischdeckentrennwnd,1
rahmen,1
schadhaftdi,1
blumenvasen,1
grobltigen,1
lilienblten,1
sagenhaft,1
prsentiertdagegen,1
tischschmuck,1
passt,2
dazublau,1
astern,1
einfach,1
lieblo,2
klein,2
gefss,1
gesteckt,1
hortensien,1
rosen,1
kurz,2
abgeschnitten,1
bechervasen,1
reingestecktab,1
besten,2
krug,1
dem,3
bedienertisch,1
gegenb,1
kcheblumen,1
eng,1
vase,1
gestopft,1
eleganz,1
kein,3
spur,1
beengent,1
eintrug,1
entsteht,1
armen,1
blumen,1
sauberkeit,2
ordnung,1
bedien,1
brssel,1
werden,4
entferntleer,1
flaschen,1
geschirr,1
gleich,3
gastraum,1
entferntauf,1
reinlichkeit,1
wird,2
groer,1
wert,1
gelegt,1
nickel,2
dime,2
ya,2
death,1
prizeromanburg,1
compani,8
properli,4
thumb,6
kennedi,1
public,2
eight,3
stroller,1
gear,2
sometim,20
noisi,4
children,5
mealsiz,1
avoid,11
fork,5
knife,2
attempt,5
mastic,1
porcini,2
drank,3
depth,3
kidfriendli,1
washroom,1
loudest,1
dryer,1
dad,11
eatdrink,2
dilworth,1
east,8
blvd,1
chain,16
fraud,1
needless,1
piss,5
impli,2
pretenti,5
mediumthick,1
curious,1
moder,3
bump,1
boston,3
forev,12
airi,3
sporti,1
soul,3
cole,10
kettl,1
planet,3
hollywood,3
smelli,1
hardli,5
chit,1
chat,4
forth,3
cafeteria,3
replac,4
dog,10
golden,6
corral,1
toronto,13
comment,14
urban,3
eateri,4
entri,2
mere,3
rid,1
court,4
nothingspeci,1
yuck,1
unappet,2
memori,1
laps,1
rd,2
noooooo,1
speakeasi,1
upon,13
quaint,4
cozi,15
prohibit,1
approach,3
lure,1
wound,1
slider,8
spinach,6
port,1
unreason,4
unexpect,1
uninspir,1
massproduc,1
microbrew,2
marzen,1
schwarzbier,1
banksvil,2
page,1
yesterday,6
brand,2
brew,9
bea,1
road,9
grand,4
intrigu,3
fianc,2
mish,1
previou,5
repurpos,1
paint,2
eclect,2
paper,8
copi,1
handwritten,1
interpret,2
print,4
blown,1
contradictori,1
turn,14
per,11
tire,3
pleaissant,1
dozen,8
bring,38
offic,10
assort,5
code,2
frost,3
doodl,1
indic,3
accident,1
delawar,1
randi,1
paul,1
wive,1
sorso,1
matthew,1
motto,1
zin,1
bruschetta,8
quarter,2
trendi,4
foodi,8
vegetarianvegan,1
lit,2
gather,2
homemadey,1
spaghetti,8
wmeatsauc,1
iswa,1
favouriteit,1
longer,14
menuth,1
wmeatballswhich,1
gnocchi,5
rigaton,1
wspinach,1
onionsnot,1
pine,1
heavenseri,1
homemand,1
vinagrett,2
wbutter,1
if,6
homemadesom,1
premis,1
offsitei,1
overheard,1
relax,12
definitley,1
valentin,5
oyster,13
ocean,2
crisp,13
bookmark,1
overdu,1
flour,2
nestl,2
ga,3
station,7
phat,1
phrank,1
jewel,3
rough,2
random,3
suit,5
loui,1
vuitton,1
frank,2
nicer,2
schedul,1
sunset,1
duchess,1
proudli,2
crepe,6
stain,1
againwhich,1
appetizerwhich,1
nacho,14
slower,1
alcohol,8
beverag,5
abl,16
central,8
crappi,1
shot,9
ribsoth,1
smoke,24
sidesbean,1
confus,5
learn,6
themselv,1
til,2
oven,2
benefit,2
strictli,1
brian,1
goe,15
do,10
chimi,2
movi,2
screen,7
frugal,1
frequent,14
complaint,21
deliciouslov,1
butternut,3
squash,10
watercress,1
lambrar,1
sidesassort,1
fingerl,2
asparagu,7
gratin,1
potatoesit,1
monkey,5
fond,2
cow,3
written,3
diamond,1
ruff,1
secret,4
highqual,1
champaign,3
creativ,12
promis,4
rocki,1
term,2
lousi,1
proud,1
bore,6
remedi,1
dazzl,1
newrestaur,1
waiterswaitress,1
disconcert,1
panicki,1
overwhelm,6
sal,3
housemad,2
castoff,1
chorizo,5
overcook,7
ye,23
oh,25
god,3
bleed,1
stride,2
whack,1
opportun,4
explor,4
portland,1
ummmm,1
yuuuum,1
dangit,1
danger,1
troubl,2
memo,1
cheapest,1
chipotl,7
site,4
dcor,3
shall,1
e,3
snob,2
nigiri,5
ie,3
tempura,7
dollar,14
sub,14
ii,1
waay,1
jersey,2
mike,3
firehous,2
switch,3
crown,5
hometown,3
adequ,6
air,5
condit,1
variat,2
sky,4
gray,2
orlean,3
beelin,2
door,28
outit,1
noto,1
gulf,1
cornbread,6
ooooweee,1
ten,6
em,3
dredg,1
homemad,11
pillow,1
honey,10
po,2
boy,8
which,13
network,3
slave,1
dope,1
rain,3
dot,1
com,2
hamburg,4
charbroil,1
rosi,4
mccaffrey,1
godsend,1
disguis,3
drunken,6
hotspot,2
hole,6
yardhous,2
longshot,1
bracket,1
graze,1
confect,1
toler,2
increas,3
doe,1
cleavag,1
dont,13
basi,2
spatter,1
occas,13
toe,1
inebri,1
yourself,4
charact,3
greas,7
woman,3
hunter,2
floozi,1
haughti,1
betterthanal,1
guarante,3
should,1
mccafferi,1
courag,1
stranger,2
silent,1
amus,2
smirk,1
hello,3
lucil,1
tritip,3
sourdough,1
tan,2
breweri,2
peak,7
each,8
budlight,1
coor,2
same,4
who,4
fabul,9
parliament,2
sunni,2
upstair,4
oasi,2
nois,2
indecis,2
codin,2
featurea,1
basebal,1
truffl,9
ju,2
accompani,2
emphasi,1
easiest,1
tomatojalapeno,1
posit,9
throughout,1
ensur,2
squeak,1
french,22
stole,3
lai,5
campu,2
classi,3
fortun,3
student,5
chinatown,3
nonchines,2
deter,2
queen,2
creek,1
parm,4
leather,4
wont,1
cleveland,7
bloodi,4
mari,2
peamealy,1
canadian,2
velvet,6
wouldv,5
malaysian,1
grove,1
lo,5
angel,4
surviv,1
acclaim,3
lookin,1
imagin,11
legend,1
cast,3
net,1
pseudo,1
specialti,9
cashew,1
northern,8
multicultur,1
defin,2
case,6
assum,9
refer,4
beij,3
asia,3
purist,1
afraid,4
substitut,3
cultur,2
entertain,7
amazing,1
saute,4
but,13
updat,8
ho,2
moo,3
shred,4
peke,2
safe,7
dong,1
brais,5
eggplant,6
accordingli,2
foodth,1
masago,2
mayo,7
lemon,7
drift,1
doesnt,2
freedom,1
sampl,13
seek,2
veganvegetarian,1
tempeh,2
age,5
cheddar,4
shell,10
gotta,4
cakeomg,1
joy,2
bbd,1
jame,2
beard,1
award,3
gratuiti,4
answer,6
shorten,1
inconveni,1
nearli,11
improv,8
knight,2
stadium,2
panther,1
disney,1
hawaiian,4
mediocr,14
semi,2
buzz,2
sober,1
ike,2
smell,10
septic,1
tank,1
joke,15
slowest,1
mill,3
reuben,2
chipsveri,1
delisci,1
meth,1
panera,13
greek,15
wild,1
lumpi,1
nephew,2
sam,1
mini,9
protein,3
wsalmon,1
shi,2
joani,1
mitchel,1
taylor,3
stephen,1
classic,9
luck,3
bonein,3
chimichurri,4
rub,7
traditionalist,1
macnchees,2
connoisseur,2
botero,1
among,4
distinct,3
pretzel,11
forward,13
allyoucaneat,1
wanda,1
belgian,2
waffl,17
afterward,3
aromat,1
unavoid,1
mapl,5
icecream,1
cramp,3
lead,2
impati,2
onto,5
obes,1
mirror,2
justifi,1
rent,1
suburban,5
acoust,3
carri,6
convers,6
middl,16
pupusa,1
coff,1
empanada,2
aioli,4
bokbok,1
grouper,1
chevic,1
churrasco,1
pride,5
decad,4
addict,4
brad,1
cinci,1
beanless,1
smokey,2
kidney,1
forc,4
irregularsthey,1
consciou,2
unconsci,1
barbareick,1
laugh,7
dock,1
refrain,1
infact,1
carafin,1
unabl,2
untouch,2
agin,1
insult,3
arrog,1
cmon,2
rosati,3
darn,6
introduc,5
appit,2
awhatuke,1
perfectionmi,1
hunk,1
pizzaand,1
layer,7
chicago,8
toppin,1
doubl,14
dough,5
thicker,2
edg,4
freshest,1
ceaser,1
rotat,2
support,8
economi,1
peopletri,1
torta,2
quesadilla,6
chelsea,1
brussel,8
sprout,9
enthusiast,2
passion,1
speed,2
loyalti,1
program,3
birthday,21
wheel,1
prize,1
epic,2
unbeliev,4
composit,1
lifetim,1
hidden,9
soupsalad,1
accordion,1
player,2
ador,6
privaci,1
reminisc,2
reflect,1
transpar,2
gimmick,2
regist,7
ordinari,4
farm,5
obvious,10
sack,1
peanut,14
common,3
deadli,1
allergi,5
cajun,5
everywher,5
annoyanceturn,1
ani,4
smile,15
steep,4
fifth,1
battl,3
cheeseburg,10
patti,13
disappointedth,1
scarborough,3
everythinglik,1
greatli,4
trendier,1
scene,5
develop,2
delect,4
camouflag,1
concret,2
block,7
obviou,2
highlight,3
ahi,4
sear,3
kim,2
cheeish,1
contrast,2
bold,1
refresh,10
snack,9
shake,11
float,1
nutella,4
independ,1
atlanta,1
panini,10
save,8
chargril,1
chopstix,1
rustica,1
venu,4
cevich,2
plantain,3
modifi,1
urg,2
vietnames,6
fuck,3
jerki,3
link,2
trash,2
pig,10
candi,5
justeat,1
coleslaw,5
somekind,1
saus,1
separ,12
cripsi,1
pare,1
biz,1
panevino,1
proxim,2
airport,10
highway,1
vegasbas,1
outoftown,2
rest,13
attend,3
child,2
everyday,4
saliv,1
yuuuuuum,1
immacul,1
father,6
team,4
starv,2
yolki,1
holstein,1
after,6
roti,7
india,8
ghandi,2
amaya,1
edamam,3
samosa,4
pakora,4
neglect,1
inclin,1
meantim,1
ghandismoth,1
indiastyl,1
unsati,1
boo,1
hoo,2
hooo,1
emphas,1
section,4
homepag,1
map,1
amc,1
starbuck,5
deer,1
reluct,1
mark,2
straight,7
prebuilt,1
rattl,1
label,3
cheat,2
sheet,3
thatand,2
bloor,3
coutur,2
udon,3
focus,2
energi,2
defenintli,1
appi,1
carpaccio,2
meringu,2
accord,3
moment,9
becam,4
passiv,1
aggress,1
machin,2
elabor,1
eventu,5
so,25
appropri,2
hasnt,1
napkin,7
post,7
mama,1
spinato,4
proper,3
circul,1
trust,3
leftov,10
of,7
atop,4
seemingli,1
exist,8
fab,2
az,9
republ,1
magazin,1
dread,2
defi,1
blindfold,1
rubio,3
tastewis,1
moneywis,1
york,11
satisi,1
teh,1
knot,3
univers,2
saddl,3
startamaz,1
everim,1
boss,3
bagel,8
blueberri,2
sunflow,1
poppi,1
ish,2
luckili,2
ti,2
miser,3
clearanc,1
snooti,2
cloth,4
tourist,5
feroci,1
purs,2
walkway,1
casual,13
plump,2
crumb,2
mostli,7
holiday,3
none,7
feet,4
trotter,1
mood,7
carryout,1
satay,1
orient,1
somth,2
accomid,1
desid,1
carna,1
taist,1
vertan,1
heimgarten,1
hsslich,1
oas,2
inmitten,1
idyllischen,1
umgebung,1
dass,5
biergarten,2
sichtbetonwnden,1
unterteilt,1
ich,14
jedenfal,2
groben,1
fehler,2
nahmen,1
daher,1
schnell,2
getrnk,1
grten,1
durst,1
stillen,1
zischten,1
wieder,3
ab,1
leider,2
sonderlich,1
platz,3
musst,1
griesgrmig,1
stimm,1
ber,2
lautsprech,1
hren,1
klo,1
warmwasserhahn,1
abschraubt,1
damit,1
ja,1
kostet,1
habe,2
schon,3
seit,1
achtzig,1
jahren,1
mehr,2
gesehen,1
aber,5
kann,3
wirklich,2
stern,1
geben,1
grew,4
gravey,1
dumb,3
occasion,2
understood,2
minuscul,1
joel,1
robuchon,1
centuri,2
anniversari,4
mound,2
butteryet,1
seclud,2
purpl,4
sixteen,1
degust,1
skeptic,3
magnific,2
caviar,2
fennel,4
fist,1
sayabsolut,1
unquestion,1
racist,2
itemsdidnt,1
suspici,1
nicest,4
discrimin,1
raciest,1
craft,8
disappear,6
sitdown,1
becaus,3
nonetheless,5
pluse,1
medina,2
valet,2
thyme,2
capres,3
winter,8
ohio,2
victori,1
fiance,1
rustic,2
stuffi,1
humor,1
minus,1
drove,3
hitop,1
firstcom,1
hudson,3
weeknight,2
goal,1
reservationpark,1
irk,1
essenti,4
gorgeou,5
scrumptiou,4
fudg,1
shanghai,5
tiki,2
hula,2
hourwel,1
grubstop,1
tikiord,1
tacoswash,1
dr,2
funk,1
pj,1
charm,4
nine,1
darlen,1
flouresc,1
diet,2
cottag,1
unset,1
jello,1
scoop,4
raku,1
teenag,2
awhil,9
genghi,1
spite,1
culinari,3
execut,2
semiservic,1
gal,3
discount,5
blame,5
jog,1
nobodi,2
holler,1
discredit,1
degre,4
spoke,4
grrrr,1
irrit,5
advisor,1
yr,4
dull,1
activ,1
properti,5
woke,2
resort,3
tim,2
christin,1
blast,2
litchfield,1
travel,6
yay,2
lawyer,1
coke,4
ourselv,2
fyi,1
rockin,1
zero,8
henc,3
foodit,1
southwest,1
lemonad,3
omelett,7
palm,2
hash,9
ham,9
ctait,2
jen,1
avai,1
tellement,1
gard,2
souvenir,1
il,6
an,1
tion,1
avait,1
deux,1
souper,1
fte,1
faisaient,1
bruit,1
sportif,1
tombola,1
tapag,1
sur,4
dtruit,1
tout,5
dun,1
est,3
cen,1
tre,1
charmant,1
serveur,2
sexcusai,1
pouvaient,1
rien,1
fair,9
estc,1
mme,2
lendroit,1
accueillir,1
genr,2
dvnement,1
venon,1
pri,1
je,7
sui,3
enceint,1
jai,4
demand,3
sil,1
changer,1
thon,1
cru,1
autr,2
ramn,1
crevett,1
moul,1
surtout,2
peut,1
injust,1
par,7
personn,1
moi,1
jour,3
brocoli,1
panai,2
dlice,1
crmeus,1
dommag,1
quell,1
na,1
t,1
bout,3
dur,1
restaient,1
courg,1
pintad,2
farci,1
dlicieus,1
poi,1
frai,1
moyen,1
voir,1
mauvai,1
fade,1
madr,1
acid,4
grass,3
mang,1
apr,1
avoir,1
gout,1
eu,1
mal,2
couper,1
couteau,1
laiss,1
lassiett,1
trou,1
normand,1
rafraichiss,1
pana,1
cotta,1
littral,1
dvor,1
quilibr,1
crme,1
rsum,1
nervant,1
volail,1
original,1
jewish,1
institut,1
stapl,3
commun,7
loud,17
louder,1
interf,1
heirloom,3
mous,2
tagliatel,2
progress,4
deterior,2
vip,2
valid,1
percent,3
begin,6
refus,2
flat,7
effect,4
present,11
import,3
consider,1
medic,1
atroci,2
sweeten,2
temperatur,3
silverwar,1
frankli,3
gee,1
stick,8
persian,3
pint,1
acknowledg,2
richard,11
dismiss,1
jeangen,1
assist,3
notch,6
pompou,2
bigot,2
encourag,1
similarli,1
restroom,2
jean,5
brief,2
accur,2
direct,3
moscato,1
pari,2
profil,1
lesser,1
class,3
frustratingli,1
behavior,2
escal,1
mistreat,1
slot,3
batteri,1
redey,1
dump,2
wet,3
sincer,3
crazi,7
innout,8
most,3
tequila,3
largeish,1
how,1
amongst,2
odd,6
tex,1
mex,2
butwel,1
pitcher,4
unwritten,1
constantli,6
rule,4
minor,1
thenh,1
broke,2
tot,3
coin,1
him,2
motion,1
realis,1
apologis,1
oversight,2
stage,7
song,3
messag,2
cash,4
resign,1
wed,12
intend,3
hed,2
confront,1
drunk,4
extent,1
woo,1
sarcast,1
pieolog,4
premad,3
differenti,2
bigger,10
blaze,1
mozzarella,4
liquidi,1
garlicki,3
girlfriend,7
laid,1
boardwalk,1
diego,3
succul,2
safari,1
mocha,4
ribey,8
mediumrar,3
gristl,1
swallow,1
angu,1
dim,16
hong,3
kong,3
cathay,1
cigar,3
cart,7
lake,4
orangeish,1
form,2
mandarin,1
unhappi,2
philosoph,1
sight,4
taiwan,1
cashier,7
drinksjuic,1
wood,4
panel,1
enttuschung,2
preis,2
gehoben,1
qualitt,2
drftig,2
maki,2
sehnig,1
lach,1
ebenfal,1
misosupp,1
ttensupp,1
scherz,1
unflexibel,1
bestellung,1
unbefriedigend,1
welten,1
zwischen,2
fai,1
solch,1
lang,1
erlebt,2
teuer,2
mies,1
werd,2
nie,2
hingehen,2
desk,1
buzzer,3
raspberri,3
mojito,4
syrup,6
ounc,3
unusu,1
suspect,1
bourbon,3
concoct,2
glimmer,1
flatbread,2
mehfood,1
yo,3
mileston,1
couldv,2
gailan,1
baha,1
accept,7
expert,3
foreverrrrr,1
social,6
visual,2
stun,3
sashay,1
parad,1
by,3
oldest,3
junior,1
bachelorett,1
galor,1
interestingli,2
glide,1
guid,2
steer,4
jalapeno,12
meld,1
soy,12
wasabi,4
drizzl,4
citru,2
heavenli,2
hubbi,2
lick,3
kurabuta,1
smother,2
bone,11
cod,1
bibb,1
skimpi,2
miso,10
hangar,1
shallot,2
notsohip,1
middleag,1
conscienti,1
lv,6
ps,3
unlik,9
bang,2
buck,14
admittedli,1
sold,1
weather,7
tagliata,1
di,1
manzo,1
flank,1
branzino,1
alla,1
griglia,1
sea,9
bass,7
gelato,4
stale,6
genuin,5
instanc,1
district,3
barclub,1
till,3
argu,1
gettogeth,1
celler,1
placei,1
zinger,1
kindi,1
nathanoh,1
cochon,1
quintessenti,1
upset,2
nyc,3
financi,1
midtown,1
bc,4
beetcauliflow,1
jealou,3
creme,2
invent,3
dainti,1
poblano,2
polo,2
fundido,2
pond,1
sock,2
these,2
cutlet,1
newspap,1
competit,4
remain,2
fell,3
chile,5
stew,2
molli,1
zaxbi,1
alot,3
chickfila,2
fatten,1
badg,2
kyomi,1
homeyelptown,1
deep,9
ponzu,1
sex,2
beach,3
exgirlfriend,1
romeo,1
burst,1
orgasm,1
navig,3
clam,3
meati,2
load,2
meaty,1
bambam,1
flavouredsak,1
sake,11
sampler,1
fuji,1
plum,2
fuiji,1
spark,1
noteperfect,1
foodterrif,1
servicefantast,1
eg,1
irat,1
european,2
runner,2
bu,3
hustl,1
bailiwick,1
hanker,2
saganaki,1
burnt,8
ash,1
bird,4
stromboli,4
biggest,7
surf,1
turf,1
brunchlunch,1
widow,2
tomatillo,1
self,2
whoever,5
underdon,2
sophi,1
eh,4
tenderloin,1
expertli,2
beet,2
subject,1
bitch,1
whine,1
wah,1
whatsoev,1
primanti,1
magic,3
chaotic,1
celebr,11
canoli,1
blood,4
shelf,2
latt,3
wateri,4
stomach,6
hurt,2
chalk,4
recogn,4
baker,1
patisseri,3
easter,3
shine,2
manna,2
edinburgh,5
toilet,1
facil,1
sand,1
weathet,1
capac,1
mongolian,3
chineseamerican,1
max,2
rel,7
banal,1
overload,1
stirfri,1
orderli,1
anthem,3
monica,1
jeff,2
cohen,1
possol,1
hatch,2
transplant,2
mississippi,1
louisianawher,1
acadian,1
zydeco,1
broth,10
kombu,1
lieeeeeeeeeeee,1
haha,7
lombardi,1
supposedli,1
famou,11
third,3
fourth,1
crew,4
grant,3
thanksgiv,3
pumpkin,4
ian,1
democraci,1
char,2
strength,2
grave,2
shift,3
dani,2
fail,5
hella,1
sichuan,4
cusin,2
nativ,1
canada,2
kung,6
bao,2
topnotch,2
sceneri,1
grumpi,1
restur,2
roommat,1
pajama,1
dogfriendli,1
key,5
opul,1
remind,15
recip,6
excess,2
andor,1
msg,3
tingli,1
bear,1
companion,4
sosoiv,1
cappuccino,3
pakistani,1
kebab,3
biryani,1
lahor,2
tandoori,1
beerperfect,1
western,2
flair,3
waitstaff,1
queso,1
luke,1
hall,3
bldg,1
youngest,1
totino,1
those,2
westgat,1
realiti,3
at,5
control,4
giant,7
biggi,1
timber,1
trendiest,1
journey,1
rampart,1
numer,1
luxuri,1
rover,1
summerlin,1
market,7
tactic,2
apon,1
brick,2
chandeli,2
accent,2
misti,2
anthoni,2
chick,4
fil,2
ay,1
prior,3
thinner,1
ident,1
filipino,1
cripi,1
dreamt,1
prefect,1
meatbal,12
juli,3
lastli,2
banana,9
fluffi,5
waist,1
pao,4
celeri,2
omgosh,2
foo,6
carribean,1
sorrel,2
oxtail,4
chichen,1
runni,3
peasi,1
hut,3
estim,2
mgr,2
exagger,1
scatter,3
incorrect,1
threw,3
greenburg,2
passerby,1
cleanest,1
neighbourhood,3
arepa,1
thickli,1
art,4
crawl,1
june,2
vend,1
beehiv,1
requir,3
susten,1
eastern,2
apsara,1
panang,2
macchiato,1
weekli,3
schwarma,2
utterli,1
carb,1
soya,1
lil,3
dingi,1
stk,1
newest,3
chimichuri,1
ptici,1
held,1
ownership,1
assembl,1
procur,1
phenomen,4
broad,1
hesit,4
bet,4
tangi,2
ell,2
massiv,3
erin,1
rescu,2
gyudon,2
pic,4
mighti,1
azand,1
describ,9
sozo,1
arizona,5
news,4
harp,1
boneless,2
drown,2
washington,2
pike,1
built,2
sanit,1
grade,2
zing,1
herself,1
continent,2
cooler,2
dairi,2
yogurt,5
watermelon,2
mint,1
achiot,1
caulifow,1
abysm,1
jw,3
marriott,2
ridg,1
everysingletim,1
roam,1
andwait,1
itthey,1
track,2
highchair,3
audac,2
himself,2
denni,3
potenti,5
overhaul,1
looong,1
cere,2
pain,2
carmel,2
info,1
jazz,2
overlook,5
waterfal,1
glorifi,1
statement,1
repres,3
former,1
lavish,1
costli,1
horror,1
pastri,8
cryin,1
omeletswaffl,1
cerealpastri,1
pun,2
minnesota,1
illinoi,2
nam,1
wonton,1
detour,1
domino,2
address,3
ny,4
soupi,2
sothern,1
unipork,1
anythin,1
coriand,1
thehotel,1
mandalay,3
exce,2
obscur,1
gravi,9
whose,1
lend,1
foot,3
traffic,2
spigolo,5
aforement,2
chest,1
await,2
pace,3
hwi,1
woodbridg,1
savour,2
region,3
meager,1
carpet,1
gorgonzola,3
member,5
pant,2
patronag,1
blew,1
focaccia,1
lumach,1
snail,1
stellar,4
conclud,2
tiramisu,1
stemless,1
adorn,1
cookiechocol,1
grace,1
pois,1
eatcrest,1
recal,3
pink,1
amazebal,1
brag,5
umami,1
spanish,5
muy,1
bueno,2
leak,2
outfit,1
highish,1
patienc,2
english,4
correct,8
period,6
nostalgia,4
fresher,1
currylik,1
bench,2
pester,1
bestow,1
ageold,2
wisdom,1
sht,1
murphi,1
law,4
birdsht,1
narrowli,1
colour,1
killer,1
theme,4
argentina,1
valiant,1
datenight,1
correctli,1
bustl,1
cauliflow,5
cacia,1
pepe,1
bronzino,1
alemod,1
unbear,2
tostada,2
ring,7
maby,1
induc,1
isnt,2
spectacular,9
fake,3
salumi,2
scallopp,2
lasagn,1
chix,2
marsala,3
ceasar,2
tastey,1
misl,1
ventitian,1
nonlandlock,1
moni,1
onehour,1
insuffici,1
human,1
superhuman,1
pressur,2
redefin,1
mussel,2
volcano,1
unbeat,2
fattest,1
shwarma,1
humu,1
twin,1
david,1
lynch,1
shorefront,1
quebec,2
willow,2
inn,3
claim,3
fireplac,2
rural,1
ottawa,2
river,2
oka,1
ferri,1
lawnterrac,1
purport,1
england,1
just,4
quirki,1
bounti,1
beth,2
shore,1
tour,2
cop,2
buttoneddown,1
fring,1
liquor,3
snobberi,1
toughest,1
belgium,1
nake,1
kafta,1
tabouli,2
teeni,1
nightmar,1
manoeuvr,1
tat,1
choon,1
chillout,2
bedtyp,1
cinema,1
underwhelm,3
promin,1
anis,1
associ,2
charli,1
ron,3
todd,1
competitor,2
mule,1
reconstruct,1
apart,4
joker,1
olymp,2
cano,4
smore,1
foie,7
graham,1
marshmallow,3
chive,1
ontario,1
loin,1
anchovi,2
rosemari,1
display,3
bison,1
horseradish,5
tonka,1
flax,2
nougatin,2
d,3
camelback,3
stetson,1
comfi,3
awardwin,1
saut,1
minislid,1
brushetta,1
baja,1
korea,2
cousin,3
nooo,1
uncl,2
soju,2
swear,2
oxkne,1
knee,1
tendon,5
muscl,1
milki,1
beig,1
sooth,2
tablespoon,2
determin,1
jellylik,1
scissor,1
napa,1
daikon,3
endless,2
six,2
dice,2
ferment,2
barley,1
digest,1
wash,4
invigor,1
lovelovelov,1
adjac,2
moda,1
complex,3
ejo,1
drama,1
therapeut,1
through,4
inlaw,1
dave,3
rmoulad,1
motherinlaw,1
muffin,5
relish,2
mil,1
plastic,5
towel,3
tableno,1
napkinsand,1
einem,2
einkaufsbummel,1
hier,4
eingekehrt,1
guten,1
zeit,2
gekommen,1
konnten,2
nichtraucherbereich,1
tischen,1
whlen,1
darauf,1
besetzt,1
immernoch,1
irrten,1
suchend,1
menschen,1
umher,1
ergattern,1
schn,4
fand,2
abgetrennten,1
geschlossenen,1
tren,1
raucherbereich,1
gab,1
wurden,1
keiner,1
gestrt,1
nett,1
hflich,1
hat,7
obwohl,1
meiner,1
meinung,1
getan,1
htte,1
hatten,1
salat,1
bestellt,1
unserem,1
sehen,1
anderen,1
gste,1
sah,1
ansprechend,1
neben,2
standardgerichten,1
gibt,4
sonderkart,1
wechselnden,1
kuchenauswahl,1
ksekuchen,1
abend,3
uhr,1
vertretbar,1
mir,1
persnlich,1
gefallen,1
theaterfeel,1
alt,1
gemachten,1
berdacht,1
sicher,2
letzt,1
gewesen,1
sein,1
httpwwwcafeletheatred,1
halloween,1
costum,4
sirop,1
derabl,1
pretend,2
caban,1
bong,2
lua,2
pinacolada,1
cinnamon,5
swirl,1
asiago,1
staged,1
pinot,1
noir,1
indoor,1
childfriendli,1
econom,1
hood,2
trun,1
ensalada,1
veg,3
papusa,1
test,2
sooner,1
bent,3
fallapart,1
podium,1
abil,1
allur,1
nevertheless,1
halfpric,1
michael,3
gladli,1
stephani,3
hottest,1
pleasur,4
tempt,1
flave,1
placew,1
aestheticsit,1
colorsbut,1
devour,3
junk,3
blandabout,1
heck,1
remot,1
ohand,1
chipsthey,1
laredo,1
chipswellactu,1
thrid,1
omgthi,1
wasterr,1
sowhen,1
traditionalsur,1
tasteless,5
justi,1
valuepack,1
friendlyi,1
garthth,1
oregano,2
respons,3
inconsist,4
explan,2
mel,2
mangolici,1
conduc,4
peep,1
infus,2
ingredientsfoodflavor,1
guac,3
men,4
flick,1
accid,2
surprisingli,3
btwtheir,1
shellfish,1
hr,1
wynn,2
booohoo,1
challeg,1
tia,3
jess,2
gift,4
certif,2
mad,4
garag,2
instal,1
lawn,1
ornament,1
roof,3
grape,4
heap,1
upto,1
burgern,1
aria,3
xs,1
gorg,1
fest,1
marrow,4
ehhhgo,1
henderson,2
hangri,1
punkin,1
root,2
chilichees,1
sloppi,3
carolinastyl,1
chiliburg,1
stubbi,1
amherst,1
barlik,1
ziggi,1
soooooooooo,1
francai,1
sai,1
quoi,1
quest,1
spass,1
stockbridg,1
monsieur,1
torn,1
entis,1
parisian,1
seethrough,1
woopdidoo,1
ij,1
melli,1
wiz,1
iceburg,1
florentin,2
spear,1
provolon,1
fondu,1
elev,2
directli,2
tin,1
wretch,1
hookah,3
yechw,1
obliter,1
hunger,1
popular,8
garbl,1
dent,1
sensit,1
cigarett,1
smoker,1
stumbl,2
closet,1
elbow,1
barista,4
cortado,1
readili,1
vast,1
lux,1
cartel,1
dauber,1
handi,2
vicin,1
birria,2
mejor,1
hecha,1
mano,1
precio,1
razon,1
altament,1
recomendado,1
passabl,3
flight,5
slather,1
naja,1
popper,1
miki,1
divin,3
kingfish,1
macaron,1
sangak,1
iranian,1
gringo,1
nich,1
mexico,2
submediocr,1
americanmexican,1
garcia,1
abuelo,1
grubhub,2
fret,1
antisoci,1
driver,2
rod,1
led,2
baba,1
ganoosh,1
spanakopita,1
lentil,4
falafel,5
tabbouleh,2
outrag,1
gamba,1
ajo,1
jungl,1
robert,1
upbeat,1
surli,1
thu,2
summari,3
consecut,1
tool,1
meanwhil,1
wtf,3
shame,4
mediterranean,6
sultani,1
blend,5
om,1
expos,2
agre,7
ground,2
rabbit,1
downhil,1
substandard,1
roomi,1
katsu,2
poboy,2
guard,1
ata,1
prosciutto,5
margherita,1
blanch,1
wooden,4
into,1
treehous,1
structur,2
foliag,1
terrac,1
hustleandbustl,1
hawker,4
homag,1
singapor,7
poutini,1
ossington,1
versatil,1
cuisineth,1
hawkerth,1
cube,1
lightli,4
dust,2
savouri,1
pallet,1
fought,1
cardboard,4
modesti,1
hainanes,1
poach,5
laksa,1
lemak,1
plant,1
puff,3
some,2
sting,4
ray,4
convinc,3
flaki,1
fritter,5
introduct,2
ambassador,1
membership,1
intercontinent,1
worthi,3
access,2
lengua,2
textbook,1
ownermang,1
wear,1
sleev,1
shirt,1
englishspeak,1
opent,2
twenti,2
via,2
availableeven,1
livid,1
newer,1
humdrum,1
modest,2
porch,1
backyard,1
neither,4
shawarma,3
slid,1
kia,1
boister,1
brother,5
falter,1
hug,1
kiss,1
sweat,1
marinad,1
nutmeg,1
chunki,2
picant,2
booz,1
depart,3
recap,1
favorti,1
aunti,2
stress,4
swat,1
bug,1
yeah,7
wrote,1
jami,2
jealous,1
grimaldi,2
lcation,1
rainbow,2
measur,2
styrofoam,1
cutleri,1
yummynois,1
palak,1
paneer,2
channa,1
aloo,1
ghobi,1
kulfi,1
inhous,1
indulg,1
kashmir,1
openconcept,1
sizzl,1
nose,2
flay,1
palett,2
leavebut,1
soooooo,1
coupk,1
galbi,1
porkthey,1
lunchnon,1
thingi,1
mischarg,1
wontonsdidnt,1
sprinkl,2
servedi,1
reward,6
finger,9
write,9
notso,1
bdub,1
animatron,1
extraordinari,1
lasagna,1
carbonara,1
superb,4
obiesli,1
gordo,2
coldw,1
instruct,1
minimalist,2
couch,3
sorround,1
mountain,2
nontradit,2
filet,3
cauliflour,1
compris,2
conceiv,1
weak,1
lineif,1
blt,1
kierland,2
discard,1
chic,2
shortli,2
hey,4
yourselfsometh,1
loath,1
pervert,1
smoothi,5
straw,1
easier,2
christina,5
arvin,1
rachel,2
waseh,1
jitteri,1
unfamiliar,1
diagnos,1
newbi,2
tort,3
chai,1
cocoa,1
loveli,1
franc,2
frill,1
homecook,1
lazi,4
msgi,1
discern,1
medley,2
erwin,1
m,3
bayview,1
puf,1
pasti,2
sunnysid,1
minc,2
drape,1
hollandais,3
enthusiasm,2
theget,1
thispeach,1
cobbler,1
panck,1
peach,2
spread,2
caper,1
mm,2
bogo,1
lock,1
hourli,1
prepay,1
onli,3
disagr,1
villiag,1
monona,1
curd,5
cosmopolitan,1
despit,7
sun,4
gangnam,1
kalbi,3
valuabl,1
cent,3
honor,2
chopstick,3
siracha,1
amaaaaaaz,1
cha,1
momma,1
mmmmm,1
interior,6
defiantli,1
bandera,1
devil,3
muffi,1
bennett,2
gari,1
pacif,1
toro,3
nightboth,1
chitchat,1
distress,1
engross,1
tremend,1
steami,4
sleek,1
younger,2
quiz,2
barstaff,1
calm,1
drinker,1
conversationsometh,1
antonio,3
prove,2
rais,6
inspir,4
grown,2
boil,1
mole,3
moth,2
flavorful,1
collard,1
prolli,1
munch,1
hangov,1
insur,1
maybea,1
takebut,1
montagu,1
honestlyi,1
ambiancegoodstuff,1
tribut,1
swedish,1
stool,1
uncomfort,2
reliabl,2
workspac,1
forgivenonli,1
espressobas,1
mjolnir,1
condens,1
thoroughli,5
tastiest,1
cap,5
skill,3
douch,1
earthshatt,1
your,3
hangchil,1
aok,1
yah,1
train,2
smash,8
leagu,1
delux,1
everso,1
adovada,1
brave,2
nip,1
task,1
shotcool,1
flagstaff,1
rhonda,1
speaker,1
asap,1
whether,3
drinkabl,1
congratul,1
solv,1
awar,2
offmenu,1
veri,2
geboten,1
zuviel,1
handwerklich,1
gehobenen,1
preisklass,1
vorkommen,1
drfen,1
dick,1
gehobelt,1
trffel,1
bergaart,1
tournedo,1
angerichtet,1
bemht,1
mich,1
dies,1
locken,1
getrnkepreis,1
ebenso,1
obersten,1
auerdem,1
saen,1
lrm,1
vom,3
mtr,1
entfernten,1
kinderspielpatz,1
verursacht,1
lautstark,1
jugendlich,1
deutlich,1
ertrglichem,1
weck,2
skinon,1
tall,2
arbi,2
wwwjoesdinerazcom,1
muffuletta,1
groceri,2
surpassingli,1
trap,1
pound,2
storm,1
perk,5
michigan,1
theyd,4
hide,5
mindblow,1
wifi,3
attest,1
fog,1
divert,1
tag,2
whiteifi,1
toward,3
creep,1
stringi,1
gristli,1
secur,2
press,2
stuck,1
tortur,1
luggag,1
sunglass,1
shape,5
mat,1
coffeehous,1
itself,1
shade,1
mister,2
shea,1
lobbi,1
tight,1
adopt,1
toddi,2
combat,1
luv,1
bonz,1
teriq,1
violent,1
poison,1
loos,1
seawe,2
southern,2
cavelik,1
meatloaf,4
psdont,1
kona,4
chandler,2
hire,4
desper,2
expedit,1
wise,1
relleno,1
cuban,2
peel,1
reveal,2
receipt,3
hq,1
respond,3
babystack,1
loco,3
moco,1
quailti,1
halal,1
revamp,2
deliveeri,1
rooftop,1
proceed,4
forgotten,3
gyro,8
thinli,1
shave,1
boat,2
exeri,1
ambienc,3
lexi,1
freez,1
index,1
preeat,1
tater,2
lauren,1
culver,4
midwest,1
husbandh,1
hook,2
mixer,1
tummi,1
ach,1
caloriesyeah,1
wisconsin,1
lose,3
offici,2
sin,3
brio,2
as,4
hotter,1
beg,3
nuf,1
bay,1
florida,1
ken,1
barbi,1
loook,1
swift,1
jenni,1
mcarthi,1
appleg,1
pattern,1
blond,3
groupi,1
strike,1
quich,1
gawd,1
sucker,2
sec,1
serversbartend,1
convert,2
biker,1
hogaarden,1
accustom,4
mahi,2
strickland,1
sop,4
leek,1
stilton,1
shack,8
ross,2
js,2
ghetto,2
bias,1
drummi,1
broken,4
midget,1
meatier,1
shoestr,1
habanero,1
ranchblu,1
whove,1
channel,1
hawaii,3
fridg,2
chantilli,1
vale,1
homelik,1
matraca,3
depend,3
lunchdinn,1
fullon,1
counterservingbu,1
cookinggril,1
skirt,1
sooo,2
benni,1
relat,2
where,1
quicki,1
prayer,1
jim,1
nobl,2
pricier,2
drawn,1
anticip,1
pimento,2
risotto,2
flounder,1
hazelnut,2
jerk,2
pineappl,1
chowder,1
she,1
cleanli,1
advantag,1
werent,3
clamsmussel,1
hassl,2
brule,1
tradeoff,1
individu,2
mate,1
escap,2
cram,1
balsam,4
thrust,1
advis,2
descript,1
canola,1
graduat,2
endear,1
meancom,1
began,3
colleg,2
prop,3
bella,1
vista,1
gordon,3
ramsey,2
reappear,1
bat,1
lie,3
weaksauc,1
ploy,1
london,1
tunnel,1
neon,1
chao,1
movement,1
scarfac,1
toffe,1
studio,1
focu,1
samba,1
grandfath,1
neo,1
tokyo,1
sasa,2
hamachi,4
kama,3
crank,2
remark,3
teeth,2
gastropub,1
covet,1
neighbor,1
forego,1
intoler,1
zuma,2
eventsconcert,1
mimosa,1
nightlifel,1
homey,1
og,2
hashbrown,1
uncook,2
yolk,1
membran,1
attach,1
kaya,3
caribbean,3
cracklin,1
conch,1
sorbetsic,1
sacr,1
foodjust,1
horrifi,1
heav,1
dramat,1
restaubar,1
expo,1
mayonnais,1
skinni,1
row,3
peg,1
fin,1
kitsch,1
echo,1
rig,2
yassssss,1
merlot,1
yasssss,1
nami,1
multipl,6
diana,1
contamin,1
nonexist,1
borderlin,1
mickey,1
steve,1
wynnor,1
wereweird,1
inordin,1
crisco,1
crap,3
entic,2
cannoli,1
weirdli,1
mouthcoat,1
backim,1
fuss,2
advic,2
slack,1
residenti,1
mull,1
mmmm,2
dreami,1
oink,2
tamarind,4
elat,1
starter,2
sherlock,1
holm,1
reflux,1
partak,1
judgement,2
seedborn,1
fiend,1
yelpospher,1
worthless,2
deaden,1
scoff,1
intak,1
pepperi,1
exercis,1
masoch,1
pungenc,1
regard,1
korma,4
nibbl,2
overtak,1
compon,1
ghoulash,1
creamier,1
convent,2
squiggli,1
exquisit,2
sueti,1
zenith,1
underneath,2
butteri,3
permeat,1
walnutcolor,1
accentu,2
usurp,1
essenc,1
indescrib,1
omnipres,1
kay,2
cruis,1
parallel,1
liven,1
further,2
iinterven,1
lusciou,2
nonindian,1
hum,1
sway,1
relief,2
lass,1
savorili,1
dahi,1
vada,1
involv,4
raita,1
embellish,1
shard,1
velveti,1
piquant,1
weightless,1
ideal,1
counterbal,1
countless,1
billowi,1
fatbapt,1
variant,1
batura,3
savor,2
gastronomi,1
gild,1
featherlight,1
hollow,1
soak,2
carniv,2
theyll,3
familiar,2
asiat,1
sopapilla,1
rasmalai,1
ornat,1
ether,1
equal,4
coffeeting,1
resembl,1
mouss,1
assur,2
bliss,2
cakefrom,1
inde,3
wind,2
thyselv,1
unto,1
vaikuntha,1
crocker,1
fullerton,1
ca,2
photoshoot,1
fetch,2
propos,1
waiv,1
pooooor,1
rightnot,1
yunnan,2
noodlewast,1
meatomg,1
yunan,1
santouka,1
japanand,1
expand,3
oversea,1
ingredientsnoodl,1
japaneven,1
quantiti,4
noodleramen,1
kinton,1
sansotei,2
drain,1
roe,1
prici,3
dissappoint,1
freak,3
minimum,2
dure,1
nail,1
armi,1
arcad,1
byob,3
count,5
lifeit,1
wanna,3
jay,1
cricketand,1
surround,6
sheppardfinch,1
buzzcalori,1
lastman,1
scquar,1
yaayyy,1
sir,1
smallest,1
cross,1
kneader,1
rival,3
willingli,1
phrase,2
chestnut,1
ect,1
imo,1
pumpkini,1
rethink,1
mto,1
blog,1
context,1
credibilityim,1
dw,1
yanaka,1
fina,1
cocina,1
saidmto,1
poppyse,1
compot,2
welllight,1
vietnameseish,2
august,1
yea,2
coach,1
prob,2
bargain,1
trivia,2
everris,1
climb,1
elimin,1
nicedim,1
perch,1
haddock,1
wonderfullynot,1
weirddiffer,1
tarter,1
rancid,1
vindaloo,1
dens,1
souffl,1
dm,1
durango,1
pomegran,2
wrapveri,1
showcas,1
calor,2
baklavah,1
homegirl,1
boast,2
serendip,1
hardway,1
extravag,1
bachi,3
merg,1
pab,1
matt,5
repli,2
ultra,1
seven,1
openli,1
ride,1
duxel,1
fromag,1
dafinoi,1
sirloinchuck,1
justspongyenough,1
bunoh,1
wordamaz,1
hoityto,1
fran,1
leonor,1
sweetest,1
ohioc,1
blackpigcl,1
foodgasm,1
westchest,1
counti,1
jonesin,1
redeem,1
shiloh,3
mount,1
weasel,2
titl,2
portobello,1
unorigin,1
bearden,1
heavili,1
din,3
makedeliv,1
kirt,1
ohmam,1
legal,1
regardlesswel,1
spit,1
supris,1
cheesecrispi,1
baconlettucetomato,1
hellfir,1
breath,1
robin,1
tgi,1
gonna,7
sparkmi,1
hue,1
viet,1
banh,1
roach,3
ant,2
stack,3
booster,2
hygien,1
prioriti,1
pinevil,1
rudest,2
crystal,2
corktown,1
forgiv,1
british,1
dung,1
wellington,1
ramsay,2
quieter,1
inappropri,1
avenu,1
brendi,1
sophist,1
voodoo,1
penn,1
agnolotti,1
boa,2
silk,1
princ,3
coloss,1
letdown,1
flood,1
batch,1
pumkin,1
somethingsometh,1
threestar,1
incid,1
accus,1
squat,1
l,3
durian,1
fool,2
facad,1
substanc,1
casa,1
imperi,1
eleg,3
master,1
centurynot,1
horton,1
realist,1
avg,1
swanki,1
almond,1
fullscal,1
cmu,1
dorito,1
redblack,1
shawerma,2
yep,2
dill,1
splatter,1
fryer,1
teriyaki,1
sad,5
vettro,1
maryland,1
bald,1
portions,1
wonki,1
lenten,1
hoppl,1
poppl,1
oatmeal,1
german,1
pirat,1
utter,1
holeinthewal,1
waitressbartend,1
goodby,1
octopu,2
steadi,1
elitist,1
struggl,2
strikeout,1
futo,1
buta,1
ownergm,1
tgif,1
spotifi,1
playlist,1
hereand,1
cobb,2
rickett,1
courtyard,2
eatjust,1
tiniest,1
garnish,1
menuwis,1
organis,1
fussi,1
eater,4
jump,1
nugget,1
pistachio,1
rio,2
asset,1
bodega,1
butcher,3
ink,1
henna,1
tattoo,1
kit,1
kat,1
goodwich,1
dino,1
cubanesqu,1
stingray,1
unagi,1
compens,1
curiou,1
onetim,1
noboday,1
canal,1
tilt,1
standbi,1
categori,1
layout,1
interact,3
feasibl,1
filt,1
amanda,2
sahara,1
kyoto,1
fave,1
bound,1
micki,1
finnz,1
twoforon,1
blacken,2
bobbi,1
minefield,1
concern,4
landscap,1
rollin,3
pilgrimag,1
memphi,1
tn,1
lockhart,1
tx,1
frame,1
evalu,1
meatloafwhich,1
eatenand,1
calib,1
fivestar,1
monfri,1
oldi,1
musicbleh,1
pandora,1
layov,2
hospit,2
tachi,1
marg,1
compel,1
peppermil,2
neutral,1
bullwinkl,1
bloom,1
coronado,4
bundl,1
lighter,1
peppercrust,1
reduct,1
caution,1
friendliest,1
mozarella,4
elementari,2
aunt,2
panzanella,1
classica,1
mildli,2
rucola,1
neopolitan,1
contempl,1
lacklust,2
hokkaido,1
nora,1
flamingo,1
jone,1
superior,1
servicec,1
tacu,2
disbelief,1
salchipapa,1
ventur,2
rundown,2
nondescript,1
model,1
atwood,1
aint,2
happenin,1
gastro,1
andfor,1
beerkona,1
nowid,1
selectioncheck,1
advoc,1
indiewhich,1
eve,2
jetzt,1
geplttet,1
ganz,2
ehrlich,1
haben,2
heut,1
wahr,1
geschmacksexplos,1
gelobt,1
algensalat,1
positiv,1
berrascht,1
gegessen,1
aal,1
jacobsmuschel,1
hmmmmmmmmach,1
einzelnen,1
teilchen,1
knnt,1
schwrmen,1
unser,1
langer,1
anfahrtsweg,1
sich,1
gelohnt,1
gern,2
wiederkommen,1
kommt,2
artsushi,1
heilbronn,1
macht,1
doch,1
bitt,1
filial,1
lecker,2
dank,1
schnen,1
tass,1
asado,1
oreo,1
americana,1
bewar,1
ramp,1
rail,1
sooooo,3
ymca,1
wherev,2
bypass,1
rockyou,1
superl,1
yall,2
pseudotrendi,1
aim,1
yuppi,1
ford,1
hybrid,1
eagl,1
domin,1
markup,1
lunchabl,1
unfulfil,1
lesson,1
devote,1
osmosi,1
clientel,1
handsdown,1
ney,1
doubledoubl,1
ratio,2
crinkl,1
sizetyp,1
tldr,2
grananch,1
alaturka,1
anatolisch,1
liebevol,1
zubereitet,1
fleisch,1
zum,1
teil,1
offenen,1
ayran,1
gemacht,1
tellergerichten,1
schnitt,1
dner,1
drm,1
usw,2
mr,3
gick,1
personalen,1
hjlpsamma,1
maten,1
enkel,1
lokalen,1
helt,1
med,1
skinnsten,1
belysningen,1
frstr,1
atmosvren,1
lutbudet,1
utver,1
dera,1
egna,1
r,1
utbudet,1
rtt,1
trkigt,1
jag,1
gillar,1
och,1
frvntar,1
mig,1
bttre,1
utbud,1
dcevant,1
agrabl,1
lent,1
bouff,1
canard,1
gote,1
vieux,1
weirder,1
research,1
romain,3
iceberg,1
chico,2
dinnesr,1
zesti,2
youngbadli,1
monthsso,1
tryi,1
hadntit,1
hadit,1
strangelik,1
overcookednot,1
begravi,1
beforesuffic,1
backif,1
restil,1
unfortunetli,1
pickup,1
spicey,1
vegat,1
nogo,1
yumm,1
lisaenoteca,1
reunion,1
interview,1
birthdaythen,1
visitedand,1
hiatusit,1
kurt,1
restaurantcom,2
instant,3
wayyyi,1
shelter,1
prosecco,2
flor,1
burrata,1
brandi,1
cherri,2
amazingroast,1
seedsorang,1
segmentsfrond,1
anchovymozzarella,1
vealricotta,1
meatballssooo,1
utm,1
crowdedand,1
cashierwaitress,1
squeaki,1
uscan,1
spam,1
scrambl,2
macadamia,1
philadelphia,2
osso,2
bocco,2
shank,1
recogniz,1
leisur,1
rariti,1
januari,1
stupid,3
surcharg,1
ketchup,1
tone,1
calai,1
fillet,1
ck,1
declin,3
displac,2
dislik,3
loaf,1
barbecu,2
unkept,4
inexperienc,1
wit,1
circl,1
unorgan,1
solut,1
getgo,1
chaya,2
bites,1
gentl,1
disagre,1
hijack,1
decisionmak,1
furnish,1
plasma,1
ipod,1
grumbl,1
bath,1
piddli,1
under,3
disco,1
stairwel,1
waldorf,1
polish,3
rant,1
pregnant,1
reheat,3
opposit,1
significantli,2
corpor,1
rob,1
tray,1
observ,1
wrongli,1
halfcook,1
influenc,2
headach,1
boulder,2
haggen,1
albertson,1
sayin,1
applewood,1
standout,1
obviat,1
standalon,1
suffer,4
gong,2
francisco,1
chapo,1
gangster,1
ear,1
inhal,1
ummm,1
trek,1
woodsh,2
makeup,1
brownbag,1
polici,1
stanley,1
resid,1
dam,1
distract,1
atom,1
gallon,1
inhmm,1
commit,1
rank,1
primarili,1
dinein,1
spoton,1
sorta,1
lightrail,1
fruiti,1
gallet,2
galett,1
mouthwat,1
ibiza,1
frazzl,1
eastport,1
parmesan,3
soda,1
p,1
franchise,1
equip,1
su,1
remov,1
imit,2
pizzeria,2
wellprepar,2
wellpres,1
ala,2
electron,1
romant,1
ponder,2
hungov,1
oper,3
cloud,1
dodg,1
snarl,1
smack,1
musti,2
mildew,1
aliv,1
freezer,1
unhelp,1
avoc,1
tote,1
intuit,1
popo,2
sudden,1
piti,1
sonoran,2
unclean,1
failur,1
sisterbroth,1
mexicanamerican,1
rotisseri,1
suprem,2
upsold,1
quot,1
areath,1
sweetnhot,1
bartenderswaitress,1
rubberi,1
anybodi,2
mf,1
westin,1
mellow,1
yearold,1
pal,1
vig,2
hump,1
firstdat,1
envi,1
beignet,1
grate,1
hilli,1
hooter,5
barrestaurantgam,1
uniform,1
icki,1
wellcoat,1
daytona,1
unbread,1
bbqish,1
managertyp,1
file,1
megas,1
formul,1
throat,1
blogger,1
vote,1
posh,2
fatoosh,1
land,1
nana,1
visitrecommend,1
awesomegreat,1
understaf,3
transform,1
fountainbridg,1
loo,1
bext,1
constant,1
stream,1
churn,1
product,1
dairyfre,1
chock,1
nofril,1
boylan,1
puzzl,1
yam,1
bfb,1
villag,4
shut,2
latenight,1
brilliant,1
lone,1
necessari,2
reopen,2
lantern,1
tiffani,1
jelli,1
curt,1
squish,1
lid,2
flimsi,1
spill,4
tighter,1
readjust,1
subtli,1
fallingoffthebon,1
acke,1
glanc,2
flow,1
cotton,1
ruben,2
joe,1
iberico,1
improperli,1
nori,1
uni,2
placement,1
suckl,1
vaca,1
vieja,1
superspici,1
httpwwwyelpcombizphotossmashburgerlasvegasselectgpzfadwbitxbutlckcwtevmvryutbvytkvlna,1
whoa,2
nonyelp,1
jk,2
oop,1
haystack,1
nope,2
shaomai,1
hilldal,1
shallow,1
fk,1
tho,3
wallet,1
humid,1
mop,1
swept,1
butterscotch,1
pina,1
colada,2
asahi,1
exorbit,1
mismatch,1
maguro,1
hundr,1
excl,1
artifici,1
goy,1
homenot,1
drivein,1
burgerehh,1
leeri,1
hibachi,1
airsid,1
kiosk,1
departur,1
gate,1
dedic,1
bday,1
dinnerspeci,1
tendenc,1
mia,1
ty,1
ku,1
epicentr,1
eager,2
nick,1
castl,1
previous,3
usher,1
clever,1
drone,1
gush,1
musicalart,1
overtur,1
baguett,2
beefhorsey,1
asu,1
destin,1
cruststyl,1
ramiro,1
boba,1
kha,2
stiff,1
fewer,1
simultan,1
rigatoni,1
bolognes,2
vinc,1
froyo,1
tablt,1
renegad,1
comp,2
longhorn,2
grr,1
hmmmmm,1
whybut,1
loveth,1
rip,1
rav,1
matilida,1
signific,1
duplic,1
malt,1
overnight,1
twa,1
se,2
lotsa,1
clue,4
hoodi,1
moccasin,1
wander,1
formal,2
tablecloth,1
stinkey,1
mario,1
juggl,1
bff,1
luca,1
fizz,1
tablesid,1
buffett,1
insuffer,1
ahol,1
broil,1
swiss,1
chalet,1
waistlin,1
ownermanag,1
ben,1
jerri,1
alwi,1
taro,1
chipsfresh,1
kabob,3
ur,1
delicioso,1
firefli,4
flash,1
pepin,3
classifi,1
basqu,4
pai,1
basco,1
spain,1
partli,1
paella,2
condo,1
arugala,1
skylin,1
roy,2
exchang,2
email,2
cooper,1
smoothli,1
banquet,1
powerpoint,1
achiev,1
logomessag,1
conserv,1
friesit,1
stillserv,1
neothai,1
chart,1
border,1
pattaya,2
islam,3
miniatur,2
advertis,1
tastier,1
citrusi,1
lemongrass,1
eaton,2
centr,2
ryerson,2
are,4
menudo,2
fey,1
vogu,1
everybodi,2
oftentim,2
exterior,1
shabbi,1
born,1
finest,1
ambridg,1
jamaican,1
faster,2
prep,1
nemmnerai,1
premir,1
quand,2
rendu,1
heur,2
matin,1
vire,1
bross,1
dison,1
ptit,1
paradi,1
ouvert,1
tromp,1
jamai,2
savoir,1
si,1
quelquun,1
sera,1
donner,1
estomac,1
ont,1
peuttr,1
abu,1
lor,1
dune,1
piqu,1
tard,1
fait,1
dtour,1
taxi,1
massur,1
dy,1
aller,1
quelqu,1
daller,1
coucher,1
result,2
nutshel,1
sigh,2
keen,1
hefeweizen,1
kelli,2
conflict,1
occur,1
calendar,1
frc,1
fundament,1
nightclub,1
scenepos,1
mych,1
mangiafoco,1
defer,1
coast,1
philli,2
amout,1
absoloutli,1
uncommon,1
sage,1
brine,1
limoncello,1
fisherman,2
approv,1
fee,2
omei,1
specifi,2
vaughan,1
vacation,1
elli,1
karaok,1
justo,1
rootbeer,1
element,2
visitor,2
soho,1
advanc,1
pen,1
circu,2
churro,1
sharp,1
video,3
neat,1
nowaday,1
nostalg,1
motley,1
crue,1
instrument,1
wardrob,1
hairrock,1
playsspin,1
windi,1
pleseant,1
flancer,1
greeet,1
dishesthey,1
coldid,1
manner,1
entreesw,1
replat,1
restaurantmind,1
placeno,1
ship,1
sail,1
captain,1
todayand,1
sink,1
hurryh,1
outquit,1
suremayb,1
servicei,1
oneday,1
ongo,1
spash,1
flirt,1
yhe,1
apitiss,1
stone,2
tgey,1
lifelong,1
cramslam,1
sriracha,2
harumaki,1
flop,1
skillet,1
disproportion,1
ungh,1
cheeri,1
batalibastianich,1
carnevino,1
horrend,1
basket,1
trifolati,1
sweetbread,2
unaccept,1
blink,1
worldclass,1
batali,1
bastianich,1
bummer,3
tetilla,2
halfsoggi,1
panko,1
stinki,2
inlandeven,1
inland,1
nevada,1
factand,1
fishi,1
disench,1
newsdessert,1
snuff,1
berri,2
tinytini,1
downright,1
tsp,2
indistinguish,1
irredeem,1
handsom,1
lag,1
noiseand,1
seren,1
postino,1
locationsexcept,1
toughimposs,1
flashlight,1
rainstorm,1
puddl,1
hazard,1
unawar,1
sporad,1
umbrella,1
trend,1
intens,1
iow,1
walnut,1
inspect,1
chickpea,2
ckickpea,1
basmati,1
sandi,1
eggplantlentil,1
goodth,1
gilbertmesa,1
punjab,1
slight,1
barro,1
caveand,1
consumedelliot,1
ness,1
blackout,1
stout,1
christma,1
pretzelsi,1
gooey,1
mason,1
deceivingli,1
zona,1
thaani,1
neue,2
thailndisch,1
cannstatt,1
nhe,1
carre,1
asiatisch,1
ausprobier,1
natrlich,2
dort,3
kenn,1
sagen,1
schmeckt,1
darber,1
hinau,1
gemtlich,1
eingerichtet,1
ausserdem,1
draussen,1
terass,1
sommer,1
toll,2
bedienungen,1
bestimmt,1
fter,1
jesu,1
fawn,1
egregi,1
saharadri,1
choke,1
smiley,1
glow,1
weera,1
ami,1
tit,1
wichcraft,1
deceiv,1
misconcept,1
latin,1
barrio,1
capirotada,1
sundubu,3
beansprout,1
incl,1
infam,1
yoli,1
wakam,2
edemam,2
cell,1
between,1
nowrejoic,1
monstrou,1
gloriou,1
grow,1
sandwichesgo,1
ricenic,1
thorough,1
televis,1
revers,1
stripmountain,1
regal,1
etcstaff,1
mmmmmio,1
steel,1
gono,1
clark,1
chinc,1
lee,1
divers,1
upper,1
hahait,1
aisl,1
folksim,1
minu,1
thhat,1
lebanes,1
tantal,1
chutney,1
retain,2
disregard,1
sauceit,1
bs,1
slop,1
dissolv,1
yucki,1
reddish,1
non,1
maneuv,1
averageway,1
below,1
salsahad,1
dishsaid,1
prickli,1
pear,1
servicew,1
serverhowev,1
enthus,1
snooz,1
chee,1
fold,1
melon,1
transluc,1
extrodinari,1
localgood,1
eel,1
linen,1
ox,1
cpk,1
suffic,1
jackpot,1
j,1
minh,2
stray,1
deck,1
teriyakityp,1
flabbergast,1
tram,1
vanessa,1
outgo,1
sushisamba,1
standpoint,1
saag,1
shaker,1
blasphemi,1
treacl,2
cosi,2
sofa,2
midweek,1
afterwork,1
comput,1
readingedit,1
daisi,1
pia,1
uk,1
yaki,1
soba,1
jokingli,1
cring,1
endexpens,1
command,1
premium,2
ought,1
warrant,1
flaunt,2
dispos,1
singular,1
roughli,1
jacket,1
approx,1
transfer,1
phoenician,1
acclim,1
stink,1
pourquoi,1
rendr,1
chez,1
ssame,1
typiqu,1
tha,1
meilleur,2
gnral,1
toutefoi,1
dpice,1
toujour,1
demandez,1
sel,1
cou,1
commandez,1
seront,1
zillion,1
sol,1
verd,2
conchita,1
sp,1
checkin,1
automat,1
nonchain,1
countrysid,1
satisfact,1
ordeal,1
sheep,1
heid,1
scottish,1
duddington,1
arthur,2
passag,1
gail,1
slap,1
hail,2
scotland,2
loch,2
duddingston,1
cobbleston,1
church,1
swan,1
hogsmead,1
jkrowl,1
wee,1
cider,1
gin,1
tonic,1
skittl,1
alley,1
fmp,1
bbt,2
spicier,1
gamjatang,2
unsatisfi,1
throwback,1
snag,1
rancho,2
rosa,2
few,1
tidi,1
tournament,1
wizard,1
joust,1
race,1
sword,1
fight,1
champion,1
aka,1
cornish,1
hen,1
firework,1
aris,1
hors,1
dirt,1
op,1
flown,1
tipget,1
ahhhrais,1
entitl,1
oneshniff,1
mustv,1
tradeshow,1
backseat,1
lola,1
peopleim,1
ahwatuke,2
scott,1
caff,1
laziza,1
kent,2
gossip,1
homecom,1
incorrectincomplet,1
treatment,1
uptown,1
punish,1
h,1
equival,1
respit,1
givin,1
amungst,1
appitizersin,1
marketplac,1
rangeorgan,1
sustain,1
subsidiari,1
goddamn,1
butt,1
yasu,2
ol,1
placeth,1
showi,1
